Id,FreePass
02/5375,True
01/6673,False
02/0337,False
01/6655,True
01/4723,False
01/3175,True
01/3024,False
01/8489,True
01/6525,False
01/6232,True
01/3966,False
01/0549,False
01/0007,False
01/8054,False
01/2200,False
01/6521,False
06/3659,True
01/1744,False
01/8246,True
01/1809,True
01/4761,True
08/6332,False
02/0571,True
04/8956,False
01/3225,True
01/8770,True
01/3516,False
01/3095,True
01/8945,True
02/1294,True
01/7683,False
07/8956,False
01/1218,False
01/4787,False
01/8175,True
02/3775,True
01/8969,False
01/5016,False
02/3749,True
01/8900,False
01/1201,False
01/5080,False
03/4048,False
01/4604,True
01/5508,False
01/3671,False
02/6193,True
01/7076,True
01/4797,True
01/6799,True
02/4472,False
01/1697,False
01/5314,True
01/5707,False
01/1136,False
02/2798,True
01/6107,False
02/7290,True
03/7290,True
01/3597,False
01/5765,True
01/3522,True
01/2216,False
02/7219,True
04/1186,False
01/8400,False
01/3980,True
01/3020,False
01/5658,False
01/8249,False
01/1073,False
01/2704,True
01/6966,False
01/7796,False
01/0204,False
01/5622,True
01/4943,True
03/4336,False
01/3585,True
01/9152,True
01/3859,True
02/8770,True
01/7570,True
02/0684,True
01/8342,False
01/6074,False
01/4036,False
01/1721,False
01/5524,False
01/9018,False
03/7853,True
01/0625,True
01/2963,True
01/2979,True
01/2630,False
02/6876,True
01/4442,True
01/0762,True
01/6668,False
01/7738,True
01/1446,False
01/4905,True
01/3888,True
01/6256,True
01/8132,False
01/0346,True
01/0427,True
01/0107,False
02/3883,False
02/6843,True
02/3272,True
02/2589,True
01/8956,False
01/6175,False
03/8015,True
01/1700,True
01/5630,True
01/6141,False
01/8250,True
01/0584,True
01/6989,True
01/0526,True
03/0067,False
01/5458,False
02/6334,True
02/0045,True
02/0863,False
01/8283,True
01/6677,True
01/8102,False
03/4400,True
01/3457,True
01/6089,True
01/7066,False
01/1427,True
01/3877,False
01/8469,True
01/7755,True
02/9025,True
01/6995,False
01/3679,True
01/8921,True
01/0396,True
02/3490,False
02/1559,True
02/5205,True
01/4822,True
02/8061,True
01/6266,True
01/7261,True
01/4370,False
01/5970,True
01/1768,False
01/3663,True
01/6449,False
01/2407,True
01/5197,False
03/1287,False
01/6695,False
01/1880,False
01/8184,False
02/6066,True
01/3270,False
01/1139,True
01/3984,True
01/0856,False
01/6852,True
01/2921,False
01/7398,False
01/7198,True
03/8741,False
01/7317,False
02/2493,False
01/0774,True
05/8961,True
01/4404,False
04/4523,True
01/7522,False
01/3199,True
01/5881,True
02/5127,False
01/3717,False
02/7157,False
01/6468,True
01/6056,False
02/5815,False
01/9148,False
01/7116,True
01/8105,False
01/8000,True
01/6419,False
01/1066,True
04/5514,True
01/9183,False
03/7650,True
01/4079,False
02/8268,False
01/8666,True
02/8318,False
01/6606,True
01/0802,True
01/8517,False
02/0202,False
04/1257,True
04/1145,True
01/5159,True
01/7202,False
02/2481,False
01/4081,False
01/0525,True
01/8565,True
03/5390,False
01/8486,True
03/5787,False
01/1372,True
03/0031,False
01/3569,True
01/0777,True
02/0320,False
01/4886,False
01/0335,False
01/4408,True
01/8957,False
03/0992,True
01/2420,True
01/2591,False
01/1759,True
02/9053,True
01/1039,False
01/7416,False
03/1844,True
02/7019,False
01/4793,False
02/7022,False
02/7029,True
01/3734,True
02/1793,False
01/3237,False
01/8829,True
01/9123,True
04/4371,True
01/4242,True
01/4974,False
02/2538,True
01/5250,True
01/2071,False
01/7126,False
02/2023,True
04/6309,True
01/7100,True
01/5844,True
01/1173,True
01/2503,False
01/4063,True
02/1835,True
01/8204,False
01/2507,True
01/6031,False
01/6501,True
01/9224,False
01/1911,False
01/1276,False
01/3366,True
01/2091,False
02/8526,False
05/8728,True
04/4726,True
01/1575,True
01/6097,False
01/9131,False
01/6432,False
02/4768,True
01/0680,True
01/1246,False
02/1860,False
01/8813,False
01/0883,False
02/4702,False
03/7489,False
01/1309,False
01/3503,False
01/9273,True
01/1108,False
01/7815,True
01/4531,True
01/0387,True
01/5224,False
01/8651,False
01/6694,True
02/4305,True
01/4322,True
01/4479,False
02/5039,True
01/1040,True
05/3353,False
01/7833,False
01/3239,True
01/8612,False
01/4013,False
01/9269,False
01/7982,True
01/7011,False
01/0954,False
01/5633,False
07/8988,True
01/0196,False
01/6572,False
01/9084,False
02/0417,False
03/3608,True
01/3177,False
04/5416,True
05/1086,False
01/8932,False
01/2213,False
01/3720,True
01/7718,True
01/9270,True
01/8583,True
01/1406,False
01/3368,True
01/7036,True
01/2109,True
01/8622,False
01/4095,False
01/7932,False
01/5252,True
01/0147,True
02/8520,True
01/6662,True
01/2813,True
02/6342,False
01/9106,False
02/6858,True
01/2698,False
01/7097,True
01/9047,False
02/8845,False
02/5304,True
03/3411,False
02/7748,False
03/6658,False
01/5072,False
01/6162,False
01/6680,False
01/1112,True
01/7476,True
04/4625,True
01/5722,False
01/3339,True
01/3603,True
01/7348,False
01/0127,False
01/7325,False
02/6565,False
01/4286,False
02/6139,True
01/4676,False
02/4207,True
01/1840,True
01/8007,False
01/6728,True
02/7909,False
01/6182,True
01/2828,False
01/3169,False
01/5686,False
03/9069,True
02/9108,False
01/9150,False
01/9051,False
01/3638,False
05/5911,True
01/3645,True
01/7247,False
02/4371,False
01/1425,False
02/0374,False
01/8872,True
03/1540,False
01/5036,True
02/0437,True
03/2595,False
01/0775,True
04/8770,False
04/3265,True
01/0171,True
01/8487,False
01/7127,False
04/4663,True
01/1152,False
01/4687,False
01/2618,True
02/8678,True
01/5898,True
02/8541,False
01/4703,True
01/6851,False
02/0988,False
01/5759,True
02/1232,False
03/5909,True
01/5481,True
01/4996,True
01/6494,False
01/6948,True
02/8713,True
01/3063,True
01/2794,False
01/1430,True
01/0555,True
01/2121,True
03/0504,True
04/4323,True
01/0392,False
01/6901,False
01/8959,True
03/7950,True
01/0482,False
01/0821,True
01/2115,True
01/5727,False
03/3701,True
01/0675,False
01/6207,False
02/2506,True
01/6282,False
01/3091,False
01/1757,True
01/3146,False
03/0647,False
05/1471,True
01/8922,True
01/4571,True
04/4782,True
01/3363,False
01/0782,True
01/3832,False
01/5657,False
01/2374,False
03/5416,True
04/3279,True
01/2875,True
01/9109,True
01/1790,True
01/7216,True
01/4999,False
01/3726,True
01/1056,True
02/7046,False
01/1921,False
01/5853,False
01/0759,True
01/7256,False
02/0884,False
01/3218,True
01/6619,False
01/2648,True
01/5723,True
01/8859,False
02/4723,False
01/7985,True
02/3662,True
01/0200,True
01/7910,False
01/3811,True
01/1856,False
01/8783,False
01/8467,True
01/3997,False
01/0269,True
01/2600,False
05/3195,True
01/7467,False
01/0232,True
01/2524,True
01/6239,True
03/4298,True
01/1278,True
01/6517,False
01/8009,True
02/1572,False
01/8569,True
01/0052,False
02/7539,True
01/6586,False
01/3460,False
03/5267,False
01/3846,True
01/6251,True
01/7323,False
02/8115,True
01/4907,True
01/6889,False
03/6207,False
01/4048,True
02/6321,False
01/1682,True
01/6750,False
01/6688,True
01/3107,True
01/0810,False
01/5916,False
01/0980,False
01/6534,False
01/8694,True
02/4981,True
02/1159,True
04/2997,True
01/0947,False
01/3125,False
01/7492,False
02/2715,False
01/2984,False
01/5969,True
01/0739,False
01/7363,True
01/3007,False
01/8286,True
01/4612,True
01/0609,False
01/0436,True
01/4923,True
01/6323,False
07/4661,False
01/6782,False
02/2508,True
01/6240,True
01/6983,True
01/5106,True
01/0844,True
01/1182,True
02/3407,False
01/3807,True
01/2839,True
03/3292,True
01/0256,True
01/1219,False
01/0278,False
01/4135,False
01/2292,True
02/5856,True
01/9235,False
01/3925,False
01/0741,True
01/0170,False
01/4912,False
01/5030,False
01/1171,False
02/0419,True
01/8846,False
01/1730,False
05/0220,False
01/4694,False
01/4419,False
01/0057,True
01/4744,True
06/3008,True
01/0788,False
01/2118,True
03/2272,True
01/8459,True
01/7824,False
01/0048,True
02/5921,False
01/1489,False
01/0091,True
03/5367,True
01/2976,True
01/1292,True
01/3301,True
01/8683,False
01/5994,False
01/4941,False
01/2668,False
02/3494,True
02/2355,True
01/3072,True
03/0461,True
04/6971,True
02/3601,True
04/4592,True
01/3967,False
02/7993,True
01/3292,True
01/8383,True
04/8961,False
02/1811,True
01/4936,False
01/0324,True
01/7907,True
01/8775,True
01/0400,True
01/8595,True
01/4796,False
01/6192,False
02/8366,True
01/8011,True
01/9019,False
04/6744,True
02/4219,False
02/0636,False
01/9153,False
01/1222,False
01/2440,False
01/1003,True
02/3561,False
02/5033,False
01/2090,False
01/8052,False
02/3450,False
02/3544,False
01/0440,False
03/1748,True
05/1829,True
01/5478,False
02/1473,False
01/1454,False
01/8482,True
01/8233,False
01/8269,True
01/2301,True
01/2439,False
01/7725,True
01/2412,True
03/6119,True
02/6032,False
01/4042,True
01/8229,True
01/4032,True
02/8060,True
01/4208,False
02/3244,True
06/0495,False
01/5199,True
02/1075,True
01/7311,False
01/0738,False
01/7978,False
02/5131,True
07/1148,True
01/3785,True
01/4826,True
01/8268,True
02/7740,False
01/1657,False
01/4579,True
01/7652,True
04/8147,True
01/1320,True
01/7381,True
01/8672,False
03/0620,False
01/3729,True
01/0811,False
01/4271,True
01/4877,False
02/6305,False
01/2250,False
01/8903,False
02/7678,True
01/8335,False
01/5771,True
01/8255,False
01/0119,False
03/5142,True
01/7019,False
01/1453,False
01/1242,True
01/3051,False
02/3703,False
03/6748,False
01/4860,False
01/3738,True
07/0717,True
01/3093,False
01/4693,False
01/7873,False
01/1769,True
01/5502,False
01/4509,False
01/8474,False
02/2274,True
01/4301,True
08/1072,True
03/3337,False
01/6053,False
01/5737,True
02/6934,False
01/3455,True
03/1301,True
02/3341,False
03/3361,True
01/4733,True
01/5018,True
01/3733,False
02/6363,True
01/8670,True
01/3469,True
01/1918,True
01/3955,True
02/0557,True
01/2183,False
05/5090,False
01/9029,True
08/9081,True
04/4176,False
01/3952,False
01/4587,False
04/2307,True
02/6428,True
01/6063,True
03/0108,True
01/5578,True
01/4254,True
01/6838,True
01/0150,True
02/8204,True
01/4792,True
01/8862,True
06/0992,True
02/0465,False
01/4304,False
01/3486,False
02/1211,True
01/4178,False
01/3827,False
01/8756,False
01/3193,False
02/0247,True
02/9073,True
01/3920,False
01/0110,False
01/2871,True
02/3552,True
01/7762,False
01/0569,False
01/8993,False
02/2630,True
01/9035,False
03/2558,False
01/4014,False
01/0972,False
01/4221,True
01/3646,False
04/6111,True
01/7699,True
01/4138,False
01/7321,True
01/6913,True
01/8599,True
01/1357,True
01/0031,False
01/3204,False
01/8828,False
01/7692,False
02/7556,True
01/2609,True
03/7998,True
01/0410,False
01/8524,True
02/4390,True
04/8796,True
01/0342,True
02/8272,True
01/1402,True
01/0605,False
01/5276,False
01/9244,True
02/3732,False
01/4297,False
02/2867,False
02/6850,True
04/6139,True
04/0228,False
01/3926,False
01/1496,True
02/8836,True
01/4518,False
01/0666,True
01/6822,False
01/3890,True
01/3771,False
02/3104,True
01/8507,False
01/6170,False
01/6740,False
01/6194,True
01/4764,False
01/0973,False
01/5726,True
03/6662,True
01/2565,True
01/1007,False
01/8924,True
03/6490,True
01/2050,False
01/4911,False
02/4182,False
01/4333,False
01/8430,True
05/6443,False
01/7651,True
08/8728,False
01/6936,True
01/9241,False
01/7000,True
01/5713,False
02/7423,True
01/2549,False
01/1000,False
03/5873,False
01/7987,False
01/6067,False
01/8475,True
01/3447,True
04/2892,False
01/3567,False
01/1853,True
02/8027,False
01/0707,True
01/7672,False
02/6295,True
01/5351,False
01/3869,True
01/2089,False
01/3593,True
01/2371,False
01/8960,True
01/0237,True
01/5397,True
01/1145,True
01/1857,False
01/5466,True
01/8298,True
01/1153,True
01/2438,True
02/0964,True
02/0498,True
01/8415,False
05/5466,False
01/7212,True
01/0375,False
01/7237,True
01/3086,False
01/7552,False
01/8473,False
03/2234,False
01/7390,False
02/6081,False
02/2036,False
01/6916,True
01/2857,False
01/3778,False
02/8181,False
01/8861,True
02/1262,False
07/6334,True
02/5927,False
07/2384,True
01/7485,False
02/9212,True
01/7110,False
01/0767,False
01/2981,True
02/5060,True
02/3609,False
01/7117,True
01/0835,False
02/2338,False
01/0074,True
01/8237,False
01/0902,False
01/7062,False
01/1079,False
01/0490,True
01/0479,True
01/3752,False
04/9227,True
02/5447,False
01/3271,True
01/3174,False
02/3323,True
01/8403,True
01/4984,False
01/3692,False
01/1797,True
01/6415,True
01/0713,False
02/2795,False
03/2487,False
01/8610,True
02/7103,True
01/2729,True
01/3283,False
01/4136,True
01/9213,False
01/5827,False
01/1536,True
01/4633,False
01/3413,True
01/6278,True
01/2649,False
01/7791,False
01/1257,True
01/3190,False
01/8234,False
01/3534,False
01/1447,False
01/1691,False
01/6373,False
01/2338,True
01/4970,False
01/2563,True
01/2663,False
02/4378,False
01/2158,False
01/4714,True
01/5146,False
01/0300,False
02/2096,False
01/5064,False
02/3928,True
01/8528,False
02/0108,False
02/0652,False
03/4732,True
01/6829,True
01/9191,True
01/7372,False
01/2803,True
01/2752,False
01/0786,True
01/1881,True
01/9188,True
01/8806,False
01/2812,False
01/1224,True
02/8694,False
01/1460,True
02/9146,False
01/8135,True
01/1883,True
02/7837,True
01/9039,True
03/4172,True
01/8742,False
01/1137,False
01/1722,False
02/0584,False
01/6153,True
01/0568,True
01/6933,True
01/4011,True
05/7219,True
01/7460,False
02/4923,True
01/4368,True
03/6577,True
03/6672,False
01/3184,True
01/5186,False
01/6818,True
01/2123,True
01/0017,True
01/2476,False
01/1487,True
05/3850,True
01/4393,True
01/3342,True
01/7077,True
01/9071,False
01/2175,True
01/1469,False
02/8729,False
06/8770,True
01/2541,False
02/0358,True
01/7607,False
01/7440,False
01/0514,True
01/2218,False
02/3688,True
01/2047,True
01/6820,False
01/1329,False
01/7203,False
02/6402,True
01/5945,True
05/5885,True
01/5306,False
01/1715,True
01/6368,False
01/4397,True
01/4447,True
01/0289,True
01/4979,True
01/5279,False
01/1297,True
01/2911,True
01/5976,False
01/0040,False
01/4431,True
01/6708,True
01/8547,False
01/4917,True
04/3601,True
01/0507,False
01/5773,True
01/4939,True
01/3144,False
01/3247,False
03/2637,True
04/5024,False
02/6988,True
01/9133,True
01/5081,True
02/6617,True
04/5812,True
02/4901,False
01/6366,False
08/6986,True
03/4128,True
03/9227,True
01/4995,False
01/1737,False
01/2885,False
01/8878,False
01/6008,False
01/2980,False
02/3713,True
01/8108,True
01/7809,True
03/3008,True
01/6710,True
01/3128,False
01/4989,False
01/7498,False
01/0913,False
01/3914,False
01/8852,True
02/9187,False
01/5188,False
01/3059,True
01/5602,True
01/7016,True
01/5261,True
01/4496,True
02/1027,False
03/5112,True
01/1837,True
02/2143,True
01/0103,False
03/8989,True
02/2768,True
01/3203,True
01/7553,False
02/0064,True
01/5504,True
01/6804,False
01/3153,False
01/4107,False
02/2693,False
01/6624,False
01/4219,True
02/7096,False
01/0501,False
03/7872,False
01/2931,True
01/1511,True
01/2865,False
02/6741,False
01/0124,True
02/1581,True
05/6302,True
03/1689,True
01/3630,False
01/9074,True
01/7602,True
02/0368,True
01/1123,False
01/0055,False
01/7748,False
01/9228,False
02/2344,True
01/1424,True
01/0642,True
02/1783,True
01/3737,False
01/0011,False
03/9162,False
01/6158,True
01/0259,True
04/4774,True
03/5188,True
01/0639,False
01/4679,False
01/7805,False
01/8682,False
02/4166,True
01/6011,False
01/7073,True
03/3279,True
01/6140,False
01/6316,False
01/9105,True
01/4012,True
01/6146,True
01/7175,False
01/8172,True
01/8419,True
01/1029,True
01/0226,True
01/1160,False
01/3222,False
02/4168,False
01/6214,False
01/9173,False
01/9195,True
01/8437,False
01/3687,True
01/3440,False
01/6314,False
03/6665,True
01/3922,True
02/1590,False
06/4639,True
01/1671,False
06/3368,False
01/2465,False
01/4102,True
01/5525,False
02/4728,True
01/1335,True
01/8113,True
02/4776,False
01/8375,False
01/2586,True
01/5366,True
01/5304,False
01/3433,False
01/0743,True
01/3074,True
01/6191,True
01/7104,False
02/1669,True
02/5842,True
03/4359,False
01/4183,False
01/3279,True
01/2391,False
01/5050,False
04/4632,False
01/0458,True
01/0583,True
01/1006,False
05/6111,False
01/2854,False
04/3995,False
01/7530,True
01/2709,True
01/6466,False
01/4303,True
01/6439,True
01/4719,True
06/5814,False
01/1507,True
01/3038,False
01/8790,True
03/4482,True
01/8394,False
02/4738,False
01/4077,False
02/2532,True
01/1493,False
01/6734,True
01/0072,False
01/5241,False
01/6476,False
01/7949,False
01/1740,True
01/1498,False
01/5837,True
01/3901,True
01/5540,False
01/3241,True
01/5034,False
05/0770,True
01/0265,True
01/0920,False
02/1125,True
01/3623,False
02/2719,True
02/3245,False
01/7236,True
03/2215,True
02/5698,False
03/7186,False
01/0703,True
01/7054,True
01/1310,False
01/4481,False
08/4256,False
01/8902,True
01/4094,False
05/0652,True
01/4829,False
01/0892,True
01/6319,True
01/2594,True
01/1767,True
01/4497,True
01/2037,True
01/5566,True
01/4512,False
02/4655,True
02/2868,True
01/3644,True
01/6299,True
03/0863,True
02/6261,True
01/7638,True
01/8431,True
01/4921,False
01/6999,False
03/2730,True
02/6151,True
01/6289,False
01/6598,True
01/5316,True
01/5017,True
01/6116,False
01/6475,True
01/1614,False
02/0119,True
01/3029,False
02/8574,False
02/2356,True
02/0245,False
01/6263,True
01/7474,True
04/4582,True
01/8100,False
02/5957,True
01/0224,False
01/3849,False
02/5961,True
02/3021,False
02/6525,True
01/0727,False
01/6231,True
01/2678,False
01/2398,False
02/0175,False
01/2049,True
02/4705,False
01/4853,True
01/2487,True
02/0731,False
01/5290,False
01/8043,True
01/8784,False
02/0772,True
02/8125,True
01/9061,False
01/2306,True
01/8568,True
03/7353,False
02/8052,False
05/9074,True
01/4575,False
01/8797,False
02/2625,False
01/8041,False
01/2817,False
01/0028,False
01/7950,True
01/2127,False
01/2620,True
01/3392,True
02/6449,False
01/1867,True
01/8701,False
01/3560,False
04/6028,True
01/6223,False
01/5616,False
05/4663,True
01/0520,False
01/7604,True
01/1495,False
01/7850,True
01/8448,True
01/5893,False
02/7240,False
02/8778,True
04/3078,False
01/9154,True
01/8059,False
01/9075,False
01/2461,True
01/4478,False
02/3437,True
01/8596,True
01/2968,True
01/6661,False
01/0331,False
01/5116,True
01/5885,False
01/2056,True
01/1973,True
01/5489,True
01/7669,False
01/0697,False
01/3619,False
02/6267,False
04/2589,False
01/0364,False
02/4855,True
05/1118,False
02/2904,True
01/0337,True
01/5153,True
01/4975,True
01/1086,True
01/3677,False
01/1787,False
01/2377,True
01/4369,True
02/2995,True
02/8036,False
02/4539,True
01/7070,True
01/3361,True
01/5389,False
01/4287,False
03/3966,True
02/0339,False
01/2007,True
01/2203,False
01/2473,False
01/5895,False
01/4692,False
01/2629,False
03/1603,True
07/3659,True
02/1144,False
01/6876,False
03/7629,True
01/2457,True
02/8465,True
01/5054,False
02/2388,True
01/8632,True
01/8086,True
02/8440,True
01/7567,True
01/5399,False
01/8252,False
03/2023,True
01/5051,False
01/3561,True
03/3236,False
02/6997,False
01/1905,False
01/8411,True
01/5880,True
01/6450,False
04/6734,True
01/1445,False
01/5683,False
01/6650,False
01/4757,False
01/2097,True
01/3874,False
01/2555,True
01/0456,False
01/1563,True
02/2301,True
01/2018,True
01/1115,True
02/0922,False
06/9074,True
01/6526,True
01/6333,False
02/5601,True
01/1764,True
02/6168,True
02/1717,False
01/4503,False
02/4625,True
01/5924,False
01/8322,False
01/1210,True
01/7394,False
01/6103,True
01/4346,False
02/8783,True
01/2281,False
03/1500,False
01/0111,True
01/8020,False
01/0405,False
01/8156,False
05/5756,True
01/8551,False
01/1844,False
01/3026,True
01/1712,False
01/3519,False
01/1944,False
01/3886,True
01/0231,False
02/4256,True
01/6209,False
01/4262,True
03/5006,False
01/1573,False
01/5699,False
01/2840,False
01/0548,False
01/0733,False
01/0193,True
05/7650,True
02/8941,False
01/6429,False
02/1353,False
01/0599,True
02/3249,False
01/0038,False
04/3392,True
02/6406,True
02/6005,True
01/1611,True
01/6560,False
01/0994,True
05/5414,True
02/7421,False
01/3031,True
01/3256,True
01/5724,True
01/5547,True
02/0381,True
01/4745,True
02/5662,False
02/4352,True
05/5329,False
01/7264,True
01/5695,True
01/4801,True
07/1072,True
04/3746,True
01/6614,True
02/1478,False
01/4283,False
02/6921,True
01/0509,True
01/8150,True
01/2849,False
01/4622,True
02/7518,False
01/1030,False
01/8965,False
01/4307,True
01/2179,False
01/5111,False
01/1282,True
01/2777,True
01/8578,False
01/0617,False
01/7189,True
01/9008,False
01/6897,False
02/5424,False
02/5072,True
01/3369,False
01/3345,True
01/6927,False
01/3119,False
01/3149,True
01/1807,False
01/2652,False
01/1926,True
01/3633,False
03/3858,False
01/7716,True
03/8793,True
01/5007,False
01/7955,False
03/1183,True
02/6352,True
01/8313,False
06/7597,False
02/0264,True
01/7242,True
01/3545,False
01/8446,False
01/8575,False
01/6487,False
01/9139,False
05/1424,True
03/3513,False
02/1404,False
01/0847,True
01/8216,False
01/2613,False
01/6970,False
01/6548,True
01/8645,False
01/0222,False
02/1106,True
01/8912,True
01/0683,False
01/7571,False
01/5162,True
01/3111,False
01/1854,True
01/6802,True
01/2244,True
01/2087,True
01/1244,True
01/2084,False
02/7557,True
01/5267,False
01/6813,False
01/2280,False
01/4162,True
01/7560,True
01/7075,False
01/1555,False
01/0521,True
04/6708,True
01/2799,False
04/3732,True
01/0437,False
01/7527,False
02/8458,True
02/0982,False
01/6518,True
01/0157,False
02/0615,True
01/1325,True
01/1954,False
01/4789,True
02/3282,True
01/4811,True
01/5748,False
01/9102,True
01/2956,False
02/2794,False
01/8205,False
01/8936,False
01/3284,True
01/6618,True
01/4350,True
01/0805,True
01/5140,True
01/0607,False
01/8107,False
04/4680,False
01/4226,True
01/2622,False
01/0654,True
01/1964,False
01/8934,False
01/4734,False
04/5303,True
01/5218,False
02/7528,True
01/1016,False
01/2277,True
01/3217,False
01/3786,False
01/5530,False
01/2320,False
01/3911,False
02/5810,False
01/0093,False
01/6416,False
02/8092,True
05/0349,False
01/4267,True
01/1803,False
02/6323,True
01/6812,False
01/2651,True
03/1688,True
01/6452,False
01/2157,False
01/1352,False
01/4473,False
01/7844,False
01/9032,True
01/6456,False
04/8168,False
01/5521,False
01/6474,False
01/6536,False
01/2635,False
01/2707,True
01/5175,False
01/1442,True
01/0776,True
02/7934,True
01/6837,True
01/1260,True
01/4742,False
01/1662,False
03/2137,True
01/3277,False
01/7533,True
02/7356,True
01/4700,True
01/2248,False
02/2308,True
01/2327,False
01/3227,False
01/5822,True
01/6296,True
01/5637,False
02/3279,True
01/2486,False
02/3742,True
01/5037,False
01/2498,False
01/7412,True
01/8845,False
01/2960,True
02/3271,False
01/9264,True
01/1705,False
03/7528,False
01/2433,True
01/2450,False
07/4625,True
01/2488,True
01/5996,True
01/4804,False
02/6971,True
01/0270,False
02/2774,False
01/5897,True
01/5240,True
01/0588,True
01/4179,True
01/7935,False
03/0626,True
01/2566,False
03/6332,True
05/0984,False
03/0652,True
01/4716,False
01/5509,True
01/6741,False
02/0274,True
01/7505,False
01/5643,False
04/6468,False
01/2198,True
03/0925,True
02/3622,False
01/2240,True
01/5456,False
02/3382,True
01/4396,False
01/4772,False
01/1399,False
01/7344,False
02/6410,False
02/1588,True
01/2720,False
02/7952,False
01/0202,True
01/6803,False
02/7833,False
01/7695,False
01/6037,True
01/3165,False
02/1130,False
01/5457,False
01/8207,True
01/2723,True
01/1467,False
01/7848,False
01/5196,True
05/7290,False
03/9179,True
01/5629,True
01/3931,False
01/4624,False
01/3450,False
01/5966,True
02/3265,True
01/1289,False
02/7413,True
03/6971,True
01/6291,True
01/1290,False
01/0970,True
02/8525,True
01/7521,False
01/6967,False
02/5056,False
01/2262,False
01/3040,False
01/1897,False
01/4991,False
01/8483,True
01/5373,False
02/1511,True
01/4390,True
02/0099,False
01/6834,True
01/6638,True
01/2631,True
01/5949,False
01/6210,True
01/4987,False
01/3350,True
01/0651,True
01/7792,True
01/1825,False
01/4799,False
01/2634,True
01/8727,False
04/5357,False
01/6261,True
05/4726,False
01/1150,True
01/7564,False
01/7167,True
05/3712,True
02/0461,False
01/3708,True
01/8122,False
01/3408,True
01/3360,False
01/2739,True
02/9094,True
01/3988,False
01/1462,True
04/1507,False
01/4134,True
01/7735,False
01/0446,True
03/9275,True
01/4268,True
01/1709,False
01/2286,False
01/9166,True
01/5883,True
01/6958,False
02/6984,True
02/3476,True
02/8276,True
01/6555,False
01/8793,False
01/4626,True
01/2530,False
01/1878,False
01/3766,True
02/4675,False
01/7958,True
01/7952,False
01/0890,False
01/3544,False
01/1919,False
01/7555,True
01/6562,False
01/8650,True
01/8314,False
02/2168,False
01/8640,False
04/3318,True
01/1440,False
06/1500,True
01/5014,False
01/3198,False
01/5204,False
01/0871,True
01/2607,True
07/4582,False
01/7457,False
02/6346,False
02/9205,True
02/4070,True
02/2477,True
01/8045,True
01/0371,True
01/2156,False
01/1365,False
01/4170,True
01/3377,True
02/5887,False
01/2502,False
01/6268,True
02/1155,True
02/4483,False
01/0078,False
03/8130,True
01/7135,True
01/9177,True
01/5601,True
01/0344,True
01/4869,False
01/0321,True
01/4882,False
01/1368,True
01/7968,False
02/1624,True
01/3418,True
03/1829,True
01/4596,True
01/0041,True
02/3966,False
03/8344,True
02/6983,False
01/5061,True
01/3713,True
03/6446,True
01/0356,True
01/2640,False
01/5709,False
05/6363,False
01/2746,False
01/1953,False
01/7877,False
01/1388,True
01/3272,True
01/6311,True
02/8639,False
01/8939,True
01/9181,False
03/6511,True
03/7830,False
02/2396,True
01/6554,True
01/5143,False
02/6819,True
01/3479,False
01/0721,True
01/0748,True
01/3134,True
01/3541,False
02/1424,True
01/1583,True
02/1959,False
01/3013,False
01/0092,False
01/7464,True
02/8873,False
01/6280,True
01/4515,False
01/2313,False
05/4371,True
01/8844,True
03/1100,False
04/4324,True
01/5310,False
01/2414,False
01/6783,True
01/0618,False
01/5770,True
03/2056,False
03/7584,False
01/9144,True
01/3784,False
02/2562,False
01/7942,False
01/8490,False
03/7541,True
01/0180,False
01/0067,True
02/4180,False
01/6683,True
01/2331,True
01/6469,True
01/1184,True
01/3244,True
01/8879,True
01/3404,True
03/6231,False
01/6318,True
01/4378,False
01/8458,False
01/3810,False
01/3604,True
01/9058,False
03/2794,False
01/5981,False
01/0968,False
01/2202,False
02/6009,False
01/1020,True
01/9103,False
01/3180,False
01/7379,True
01/1604,False
01/4420,False
03/0503,False
01/9200,False
02/6462,False
01/5242,True
02/1568,True
01/0060,False
02/8886,True
01/4532,True
02/0930,True
01/4491,False
01/5112,True
01/1437,False
01/8088,False
01/5281,False
03/8559,True
03/0886,True
01/5445,False
01/7357,True
03/8445,True
01/3088,True
03/8956,False
01/4209,False
01/6557,False
01/9203,True
01/4849,True
06/0571,False
03/5090,False
01/2955,False
01/6699,False
01/0138,True
01/4227,True
01/3703,True
01/4855,True
02/8032,True
01/2713,True
01/7191,False
01/9094,True
01/0558,True
01/9276,True
01/6357,False
01/6176,True
01/5471,True
01/1178,False
01/7022,True
01/4383,True
01/0304,False
01/5228,False
01/6880,False
02/0864,True
01/6150,False
01/2948,True
01/4072,True
01/5796,False
01/6532,False
01/2027,False
02/1580,False
01/2159,True
01/6448,False
01/1069,True
01/3087,False
03/1350,False
05/8793,True
01/1295,False
01/5890,True
02/7130,True
01/3982,False
01/3954,True
01/6254,True
01/4839,False
01/1822,False
01/5384,True
02/8398,True
01/9092,False
03/1741,False
02/1584,True
01/8265,True
02/6111,False
01/1186,True
01/7231,False
01/6835,True
01/2628,True
01/7270,True
02/6175,True
03/3032,True
01/1482,True
04/8605,False
01/6028,False
01/3127,True
01/7761,False
07/0571,True
01/2903,True
01/0448,False
02/3142,False
02/6094,True
03/6111,True
01/6135,False
01/6307,False
01/2623,False
01/7899,True
01/5615,True
01/9202,True
01/3747,True
02/4505,True
01/1988,True
02/0363,True
01/1587,True
01/2429,False
03/6174,True
01/3353,False
01/6260,False
01/1899,False
01/2522,True
01/8285,False
01/6833,False
01/7458,True
06/0770,True
01/7715,False
01/4492,True
01/3939,False
01/4457,False
01/8270,False
01/8789,True
01/4060,True
01/5623,True
01/2147,False
05/7792,True
01/0837,True
01/4766,True
01/2174,False
02/4113,True
01/6541,False
01/7649,True
07/6302,True
02/9125,True
03/3711,True
03/0046,False
01/8167,True
03/9206,True
01/2793,False
02/8616,True
01/7345,False
01/3319,False
02/6526,True
02/6689,False
01/1061,True
01/3463,False
01/5417,False
05/2234,False
01/5113,False
01/7551,True
02/8796,False
02/8602,False
02/9272,False
01/1907,False
02/1800,True
01/8188,False
01/6032,True
02/6033,True
02/0531,True
01/6472,True
02/0179,False
01/4598,False
01/3697,False
01/2166,False
01/5423,False
01/4432,True
02/4350,False
01/2347,False
01/7328,False
02/0470,True
05/6816,True
03/3301,True
07/1709,False
01/6000,False
03/5369,True
01/7296,False
02/5787,True
01/6201,False
01/0794,True
01/3850,False
01/1155,False
01/4000,True
03/6468,False
01/1204,False
01/5409,False
01/3382,False
01/3308,False
01/8819,False
01/4623,True
01/2792,True
01/0367,False
03/8186,True
02/8402,True
02/4309,False
01/7163,True
01/5621,False
01/5024,True
01/3764,True
03/5808,False
01/3132,True
01/5889,False
02/4949,False
01/1338,True
01/5115,True
01/1510,False
04/6827,True
05/9069,False
02/5966,True
01/2255,True
03/3210,False
01/5913,False
01/8729,True
01/2070,False
01/0535,False
01/6991,False
01/5371,True
03/8508,True
01/0795,False
01/2798,False
01/8212,False
01/6425,False
02/2783,False
01/4277,True
02/8288,False
01/8898,False
02/1582,False
03/5969,True
01/9259,False
03/5977,True
02/9070,True
01/1542,False
01/0511,False
01/1358,True
01/4256,False
01/6547,False
01/8587,False
01/7529,True
01/4601,True
01/0146,True
01/7820,True
01/8146,True
01/0845,True
01/7053,False
01/0461,True
01/8653,True
02/1909,True
01/3664,True
01/3856,True
01/1735,True
01/1328,True
01/3626,True
02/4441,True
01/4112,True
01/9066,True
01/6637,False
01/8913,True
02/8129,True
01/7728,False
03/3868,False
02/4523,True
02/7610,False
02/5737,True
01/9034,True
01/4771,True
01/2500,False
03/3283,False
01/0616,False
02/5344,True
01/0001,True
01/2058,False
02/2944,True
02/2505,False
02/2343,True
01/1516,False
01/6297,False
01/2762,False
05/8770,False
01/7251,True
01/8390,True
01/3691,False
01/3985,False
01/2880,True
03/6092,True
01/2989,False
01/3776,True
01/6846,False
01/2664,True
01/5542,False
02/5756,False
03/2977,False
01/4956,True
01/5990,True
02/5719,True
01/8443,True
03/4324,False
01/7090,False
01/0229,False
03/3959,True
05/4523,True
01/0760,False
02/6559,True
01/0928,True
01/6522,True
01/0044,True
01/0015,False
01/7888,False
01/0317,False
03/2009,True
01/7999,True
01/0272,False
01/4639,True
01/4953,True
01/4316,False
01/2515,False
02/6325,False
01/4351,False
03/8669,True
01/3117,False
01/7373,True
02/6756,False
01/0286,False
03/8092,True
01/9198,False
01/2757,False
01/3312,False
01/0567,True
01/6184,True
03/4508,False
01/9113,True
02/8944,True
01/8720,True
01/5098,False
01/7023,False
01/8315,False
02/1226,True
01/5798,False
02/4381,False
01/0600,True
01/7354,True
01/7031,False
01/8079,False
02/4377,False
01/0858,True
01/0798,True
01/8623,False
01/0836,False
01/7240,False
02/7825,False
01/5560,False
02/5679,True
01/4618,False
01/4190,True
01/2080,False
01/3921,False
01/5903,False
01/2658,True
01/1610,False
01/5053,False
01/2988,False
01/9101,False
01/8975,False
01/4126,False
01/3803,False
03/1814,True
01/1110,False
01/2384,True
04/6921,True
04/9081,False
02/2808,True
01/3584,True
02/6340,False
01/5760,True
01/1024,False
01/3322,True
02/7858,False
01/5668,True
01/0946,False
01/7603,True
02/8222,False
01/8356,True
01/6719,True
02/1801,False
01/8594,False
01/8521,True
02/0632,False
01/3064,True
02/4128,True
01/4715,True
01/6527,True
01/4656,False
01/3094,True
01/5394,False
01/3844,True
03/1341,True
01/1228,True
03/3787,False
01/8177,False
01/7722,False
01/2016,True
05/2306,True
03/3550,True
01/4524,True
04/5335,True
01/6558,False
02/6452,False
01/6010,True
01/3847,False
01/4691,False
07/1211,True
01/6327,True
01/2518,True
01/8074,True
01/5706,True
01/5270,True
01/3477,False
01/3858,True
04/0349,True
02/4210,True
01/8962,False
01/3158,False
01/7324,True
01/7021,True
01/8321,False
01/1593,False
02/5038,True
01/3073,True
02/4465,False
01/2733,False
01/6112,True
01/2947,True
01/5716,False
01/5728,False
03/8606,False
02/4247,False
01/4175,False
01/4365,False
01/1896,False
01/6816,True
02/7531,True
01/8326,False
03/1354,True
01/5178,True
01/5410,False
01/5569,True
02/8168,False
01/6705,False
01/3735,True
01/7425,True
01/1560,False
01/6505,False
01/5875,False
01/4108,True
01/6395,False
01/3213,False
02/6992,True
02/3008,False
01/9265,False
01/2366,True
01/0602,True
02/1603,True
01/5971,False
01/4154,True
01/9080,False
01/3133,False
01/0453,True
01/7129,False
02/4001,True
03/6559,True
01/8301,True
01/0460,True
01/0646,True
01/2239,False
01/8226,True
01/7385,False
01/2520,True
02/0290,True
01/2802,False
02/8559,True
01/3333,False
02/7629,False
01/3155,True
02/3876,True
01/7392,True
01/0758,True
06/2234,True
01/8350,False
01/2300,False
02/8606,False
01/3129,False
06/7219,False
04/1149,True
01/1770,True
03/5133,True
01/5874,True
01/8834,False
01/7058,True
02/0467,True
01/2105,True
01/3648,False
01/7134,True
01/0724,False
01/5363,True
01/5056,True
01/6130,True
01/1492,False
01/7125,True
03/4006,False
01/8504,True
01/8162,False
01/3669,False
01/4578,False
02/6583,True
01/8037,False
02/8038,True
02/8557,True
02/6309,False
01/5474,True
01/8856,True
01/4582,True
01/1547,False
01/2884,False
01/4273,False
01/7627,True
01/2485,False
01/2375,False
01/4572,False
01/5675,True
01/1914,True
01/7260,False
01/5151,True
01/6057,False
01/2571,False
03/1124,True
01/7608,True
01/7388,True
02/8186,True
01/2191,True
01/4940,True
02/1326,False
01/1013,True
02/5969,True
03/3265,True
01/6938,True
01/7849,False
01/1122,True
01/1829,True
01/6863,False
02/0266,False
01/5297,True
04/8534,False
01/1341,False
01/8774,True
02/7186,False
02/5967,False
02/2469,False
01/4548,True
01/8299,False
01/8944,True
01/1130,True
06/1211,True
03/8873,True
01/2073,False
04/5561,True
01/1097,True
01/9278,True
01/8841,True
02/6625,False
01/8380,True
02/4663,True
02/0103,True
01/0018,False
01/2399,False
01/8635,False
01/6982,True
01/7284,False
02/1110,True
01/2564,True
01/8617,False
02/1688,True
02/2565,False
01/3608,True
02/4006,True
03/5625,False
01/8501,True
01/2721,False
03/3274,False
02/8893,True
02/0003,False
01/8422,False
01/7799,False
01/4883,True
01/4088,True
02/3737,True
01/5063,True
01/8726,True
02/8517,True
01/0471,False
01/3798,True
01/2908,True
01/7812,False
01/6061,False
01/7094,True
03/7914,False
02/3237,True
01/0097,True
01/4249,True
01/3517,True
01/3908,False
03/6036,True
01/0303,True
01/1356,False
01/4759,False
03/8537,True
01/6243,True
02/6485,False
01/1913,False
01/7232,False
01/2644,False
01/8343,True
03/4450,True
01/5541,True
02/0453,True
01/8263,False
01/2410,True
03/9074,True
01/3163,False
01/0750,False
02/5156,True
01/2716,False
02/0445,False
03/8318,False
02/6233,False
01/4275,False
01/3639,True
01/5538,True
02/8839,False
01/6891,False
01/2639,True
01/5207,False
03/7329,True
03/6729,True
01/4540,True
01/8117,True
03/1615,False
01/4708,False
01/1177,True
02/4224,False
01/1485,True
01/8023,False
01/6524,False
01/5825,True
02/6977,False
01/4751,False
01/6583,True
01/3891,False
02/7135,True
01/0660,True
01/3200,False
01/4741,True
01/2314,True
01/3208,False
01/7712,True
02/0140,False
01/9024,False
03/6744,False
02/8015,False
02/7373,True
03/0811,True
01/5001,False
01/4375,True
02/1727,False
01/2513,False
01/4728,False
01/2725,False
04/0504,False
01/5492,False
01/6888,True
01/1143,False
01/5815,False
01/3879,False
04/3858,False
01/8388,False
01/9262,True
01/0589,False
01/2041,True
01/6666,False
01/8440,False
03/2355,False
03/1669,False
01/3009,True
01/7173,True
02/2276,True
01/4132,True
02/3558,True
01/0085,True
05/7354,True
01/7992,True
02/2552,True
02/3284,True
02/4400,True
01/6704,False
01/6386,False
01/7962,False
01/5217,True
02/1469,True
01/6477,False
01/8847,True
02/2040,True
01/6894,True
01/8762,False
01/2683,True
05/1976,True
01/8639,True
02/8998,False
01/2774,False
01/3234,False
01/4172,True
01/8751,False
05/1211,True
01/3495,True
03/8804,True
05/8366,False
01/2967,False
03/0632,True
01/0918,False
01/1585,True
01/4084,True
01/4950,True
02/2645,False
01/6519,False
01/5642,True
02/1923,True
01/2458,False
01/8192,False
01/7971,True
01/8123,False
02/0211,True
01/1187,False
03/4701,True
01/1262,True
01/3167,False
01/4152,False
04/5782,True
01/3057,False
01/1690,False
01/7133,False
01/4980,False
02/0539,True
02/3301,True
07/8728,False
01/8144,True
02/8339,False
01/2390,False
01/7149,True
02/2818,True
03/3715,False
01/0614,True
04/4822,True
01/6402,False
01/3268,False
01/6751,True
01/2224,False
01/3977,False
01/3981,False
01/8816,True
01/5946,False
01/0816,False
02/5686,False
01/2528,False
01/3706,False
01/1271,True
02/0319,True
02/6774,False
02/1538,True
01/9037,False
01/2478,True
01/4037,True
03/5339,True
04/8793,False
01/1180,True
01/8618,False
01/4244,False
03/5927,True
01/4181,True
01/6358,False
02/9086,False
01/2160,False
01/8600,True
01/3672,False
01/0591,True
01/4239,False
01/1922,True
01/0601,False
01/6393,True
01/3794,True
01/1739,True
03/8117,True
01/9060,False
01/7307,False
02/3844,True
02/2858,True
01/8046,True
01/0045,False
01/1213,False
01/5780,True
01/0541,True
01/9174,False
01/0806,False
01/0483,True
01/4750,False
01/1661,True
03/6819,True
01/7435,True
01/7644,True
01/2805,False
01/7351,True
01/6304,True
01/2797,False
01/8631,True
01/5862,True
01/7107,True
01/7615,False
01/7954,False
01/1080,False
01/5641,True
01/8290,True
06/6986,False
01/1396,False
01/6787,True
01/2876,False
05/8605,True
02/8478,False
01/4161,True
01/5326,True
01/8589,False
03/8147,False
03/8144,True
02/0625,True
01/5043,True
01/8750,False
04/7130,False
02/5936,True
01/5392,False
01/8753,False
01/3742,True
03/1423,True
01/1526,False
03/4390,False
01/7622,False
01/1361,True
01/4851,False
01/2596,False
01/3533,False
01/2930,False
01/0086,False
01/5114,True
04/3439,False
01/0377,False
01/7109,False
02/7709,True
01/6119,True
01/1666,True
01/0374,False
01/5565,False
01/0941,False
01/7409,False
01/5212,False
01/1602,False
03/2026,False
01/6735,True
01/8280,False
02/6959,True
01/7550,True
01/1974,False
01/0115,False
01/0506,True
01/3508,False
01/4422,True
01/8471,False
04/6332,False
01/6121,True
03/4776,True
01/4551,True
01/1255,True
01/5367,True
01/3049,False
02/4661,True
01/3305,True
01/2261,True
06/0717,False
02/6283,False
01/7315,True
02/7873,False
01/5166,False
01/3636,False
04/6288,True
01/1701,True
01/3573,False
01/8525,True
02/7974,False
03/7825,False
02/1913,True
01/5982,False
01/6920,False
02/5308,True
01/2459,True
01/6049,False
01/2340,False
01/3865,True
03/3475,True
01/1269,False
03/0044,True
01/1035,False
02/3889,False
01/8685,True
02/1670,True
01/6440,True
01/8221,True
01/2864,False
01/5132,True
01/1677,False
01/3238,True
02/7452,True
01/5169,False
04/4594,False
03/8458,True
01/5195,False
01/8432,True
02/7950,True
01/0350,True
01/6615,True
01/8484,True
01/6587,True
01/8168,False
01/3077,True
01/3084,True
01/1718,True
02/6671,False
01/4386,True
01/6444,False
01/8952,False
01/4205,False
01/7753,True
02/0268,False
01/7640,True
01/1147,True
01/4932,False
06/4582,False
01/6937,True
01/2589,True
01/4513,False
01/5330,False
01/0447,True
01/4909,False
01/0035,False